1,Shoe Umbrella Kit,Clothing and Shoes,20.00,500,0.00
2,Pet Emergency Evacuation Jacket,Pet Supplies,75.00,500,0.00
3,Wearable Pillow,Home and Kitchen,30.00,1000,0.00
4,Oreo Cookie Dunking Spoon,Home and Kitchen,5.00,500,0.00
5,Noodle Splash Face Guard Mask,Home and Kitchen,15.00,750,0.00
6,Noodle Cooling Fan with Chopsticks,Home and Kitchen,15.00,500,0.00
7,Metal Detecting Sandals,Clothing and Shoes,25.00,500,0.00
8,iPhone Case with Built-In Cup Holder,Cell Phones and Accessories,15.00,500,0.00
9,Eco Shopping Bag/Emergency Earthquake Hood,Accessories,10.00,75,0.00
10,Glow in the dark toilet paper,Home and Kitchen,5.00,200,0.00
11,Flavored Lickable Wallpaper,Home and Kitchen,100.00,100,0.00
12,Emergency Moustache Kit,Accessories,10.00,300,0.00
13,Disco Ball Helmet,Accessories,40.00,200,0.00
14,Cupcake Flavored Floss,Beauty and Health,5.00,1500,0.00
15,Sleep at Work Eye Stickers,Accessories,5.00,50,0.00
16,Cheek Exercise System,Beauty and Health,15.00,300,0.00
17,Animal Footprint Shoes,Clothing and Shoes,25.00,500,0.00
